timestamp,context_timestamp,asset,state,direction,strategic_bias,strategic_bias_score,bias_alignment,core_swing_status,core_swing_direction,setup_type,event,anchor_id,anchor_value,flow_score,fast_spot,reason,signature
2026-09-24T07:40:30.668Z,2026-09-24T06:52:14.820Z,SOL,MISSED_DO_NOT_CHASE,long,neutral,1.5,neutral,NONE,,breakout,cross_up,session_poc+session_vah,115.33,4,115.46,Trigger present but first-target R/R is below 1.45,SOL|MISSED_DO_NOT_CHASE|long|session_poc+session_vah|breakout|neutral
2026-09-24T07:52:54.096Z,2026-09-24T07:48:45.641Z,SOL,EARLY_SETUP,long,neutral,2.5,neutral,NONE,,,none,24h_vwap+session_vah,115.47,4,115.61,Positive fast flow near structural zone under plus30 profile,SOL|EARLY_SETUP|long|24h_vwap+session_vah|none|neutral
2026-09-24T08:24:09.377Z,2026-09-24T07:48:45.641Z,SOL,NO_TRADE,,neutral,2.5,none,NONE,,,none,24h_poc+session_val,114.62,0,114.77,No executable trigger,SOL|NO_TRADE|none|24h_poc+session_val|none|neutral
2026-09-24T08:40:09.293Z,2026-09-24T07:48:45.641Z,SOL,EARLY_SETUP,short,neutral,2.5,neutral,NONE,,,none,24h_poc+session_val,114.62,-2,114.32,Negative fast flow near structural zone under plus30 profile,SOL|EARLY_SETUP|short|24h_poc+session_val|none|neutral
2026-09-24T08:53:43.323Z,2026-09-24T08:49:32.081Z,SOL,EARLY_SETUP,long,neutral,-0.5,neutral,NONE,,,none,24h_val,113.4,3,113.75,Positive fast flow near structural zone under plus30 profile,SOL|EARLY_SETUP|long|24h_val|none|neutral
2026-09-24T09:06:52.205Z,2026-09-24T08:49:32.081Z,SOL,NO_TRADE,,neutral,-0.5,none,NONE,,,none,24h_val,113.4,-2,113.78,No executable trigger,SOL|NO_TRADE|none|24h_val|none|neutral
2026-09-24T09:24:37.682Z,2026-09-24T08:49:32.081Z,SOL,EARLY_SETUP,short,neutral,-0.5,neutral,NONE,,,none,24h_val,113.4,-3,113.4,Negative fast flow near structural zone under plus30 profile,SOL|EARLY_SETUP|short|24h_val|none|neutral
2026-09-24T09:39:25.762Z,2026-09-24T08:49:32.081Z,SOL,SHORT_TRIGGERED,short,neutral,-0.5,neutral,NONE,,breakdown,cross_down,24h_val,113.4,-4,113.23,Plus30 short-gamma breakdown probe,SOL|SHORT_TRIGGERED|short|24h_val|breakdown|neutral
2026-09-24T09:52:42.105Z,2026-09-24T09:48:44.862Z,SOL,ADD_ALLOWED,short,bearish,-4.0,aligned,NONE,,breakdown-retest/trend-pullback,retest_hold_short,24h_val,113.4,-2,113.43,Retest held and fast flow strengthened,SOL|ADD_ALLOWED|short|24h_val|breakdown-retest/trend-pullback|bearish
2026-09-24T10:04:00.421Z,2026-09-24T09:48:44.862Z,SOL,HOLD_MANAGE,short,bearish,-4.0,aligned,NONE,,breakdown,cross_down,24h_val,113.4,0,113.16,Triggered short thesis remains tied to original anchor,SOL|HOLD_MANAGE|short|24h_val|breakdown|bearish
2026-09-24T10:21:58.899Z,2026-09-24T09:48:44.862Z,SOL,HOLD_MANAGE,short,bearish,-4.0,aligned,NONE,,breakdown-retest/trend-pullback,retest_hold_short,24h_val,113.4,2,113.04,Triggered short thesis remains tied to original anchor,SOL|HOLD_MANAGE|short|24h_val|breakdown-retest/trend-pullback|bearish
2026-09-24T10:36:16.086Z,2026-09-24T09:48:44.862Z,SOL,HOLD_MANAGE,short,bearish,-4.0,aligned,NONE,,,none,24h_val,113.4,0,112.91,Triggered short thesis remains tied to original anchor,SOL|HOLD_MANAGE|short|24h_val|none|bearish
2026-09-24T11:56:37.404Z,2026-09-24T11:47:58.489Z,SOL,HOLD_MANAGE,short,bearish,-3.5,aligned,NONE,,breakdown-retest/trend-pullback,retest_hold_short,24h_val,113.4,2,113.12,Triggered short thesis remains tied to original anchor,SOL|HOLD_MANAGE|short|24h_val|breakdown-retest/trend-pullback|bearish
2026-09-24T12:15:12.643Z,2026-09-24T11:47:58.489Z,SOL,HOLD_MANAGE,short,bearish,-3.5,aligned,NONE,,breakout-retest/trend-pullback,retest_hold_long,24h_val,113.4,4,113.51,Triggered short thesis remains tied to original anchor,SOL|HOLD_MANAGE|short|24h_val|breakout-retest/trend-pullback|bearish
2026-09-24T12:37:34.264Z,2026-09-24T11:47:58.489Z,SOL,HOLD_MANAGE,short,bearish,-3.5,aligned,NONE,,failed-break/sweep-reject,sweep_reject_short,24h_val,113.4,1,113.32,Triggered short thesis remains tied to original anchor,SOL|HOLD_MANAGE|short|24h_val|failed-break/sweep-reject|bearish
2026-09-24T12:53:30.998Z,2026-09-24T12:52:44.249Z,SOL,HOLD_MANAGE,short,neutral,1.5,neutral,NONE,,,none,24h_val,113.4,3,113.56,Triggered short thesis remains tied to original anchor,SOL|HOLD_MANAGE|short|24h_val|none|neutral
2026-09-24T13:06:39.245Z,2026-09-24T12:52:44.249Z,SOL,INVALIDATED,short,neutral,1.5,neutral,NONE,,,none,24h_val,113.4,4,114.18,Anchor reclaimed with opposing fast flow,SOL|INVALIDATED|short|24h_val|none|neutral
2026-09-24T13:25:13.257Z,2026-09-24T12:52:44.249Z,SOL,EARLY_SETUP,long,neutral,1.5,neutral,NONE,,,none,24h_vwap+24h_poc,114.53,2,114.5,Positive fast flow near structural zone under plus30 profile,SOL|EARLY_SETUP|long|24h_vwap+24h_poc|none|neutral
2026-09-24T13:40:48.245Z,2026-09-24T12:52:44.249Z,SOL,MISSED_DO_NOT_CHASE,long,neutral,1.5,neutral,NONE,,sweep-reclaim,sweep_reclaim_long,session_vah,115.1,1,115.12,Trigger present but first-target R/R is below 1.60,SOL|MISSED_DO_NOT_CHASE|long|session_vah|sweep-reclaim|neutral
2026-09-24T13:54:50.066Z,2026-09-24T13:50:20.572Z,SOL,NO_TRADE,,bullish,5.5,none,EARLY_ENTRY_CANDIDATE,long,,none,24h_poc,114.55,-2,114.67,No executable trigger,SOL|NO_TRADE|none|24h_poc|none|bullish
2026-09-24T14:08:42.284Z,2026-09-24T13:50:20.572Z,SOL,EARLY_SETUP,long,bullish,5.5,aligned,EARLY_ENTRY_CANDIDATE,long,,none,session_vah,115.1,2,115.16,Positive fast flow near structural zone under plus30 profile,SOL|EARLY_SETUP|long|session_vah|none|bullish
2026-09-24T14:26:40.992Z,2026-09-24T13:50:20.572Z,SOL,EARLY_SETUP,long,bullish,5.5,aligned,EARLY_ENTRY_CANDIDATE,long,,none,24h_vah,115.5,4,115.82,Positive fast flow near structural zone under plus30 profile,SOL|EARLY_SETUP|long|24h_vah|none|bullish
2026-09-24T14:43:33.545Z,2026-09-24T13:50:20.572Z,SOL,NO_TRADE,,bullish,5.5,none,EARLY_ENTRY_CANDIDATE,long,,none,24h_vah,115.5,4,115.96,No executable trigger,SOL|NO_TRADE|none|24h_vah|none|bullish
2026-09-24T14:57:40.962Z,2026-09-24T14:51:11.501Z,SOL,NO_TRADE,,bullish,5.5,none,EARLY_ENTRY_CANDIDATE,long,sweep-reclaim,sweep_reclaim_long,session_vwap+24h_vwap,114.52,-2,114.61,No executable trigger,SOL|NO_TRADE|none|session_vwap+24h_vwap|sweep-reclaim|bullish
2026-09-24T15:15:03.595Z,2026-09-24T14:51:11.501Z,SOL,EARLY_SETUP,long,bullish,5.5,aligned,EARLY_ENTRY_CANDIDATE,long,,none,session_poc+24h_poc,115.05,4,115.01,Positive fast flow near structural zone under plus30 profile,SOL|EARLY_SETUP|long|session_poc+24h_poc|none|bullish
2026-09-24T15:31:42.789Z,2026-09-24T14:51:11.501Z,SOL,NO_TRADE,,bullish,5.5,none,EARLY_ENTRY_CANDIDATE,long,,none,24h_vah,115.6,0,115.79,No executable trigger,SOL|NO_TRADE|none|24h_vah|none|bullish
2026-09-24T15:47:01.747Z,2026-09-24T14:51:11.501Z,SOL,LONG_TRIGGERED,long,bullish,5.5,aligned,EARLY_ENTRY_CANDIDATE,long,breakout,cross_up,session_vah,116.1,3,116.05,Plus30 short-gamma breakout probe,SOL|LONG_TRIGGERED|long|session_vah|breakout|bullish
2026-09-24T15:57:38.702Z,2026-09-24T15:49:23.665Z,SOL,HOLD_MANAGE,long,bullish,6.0,aligned,EARLY_ENTRY_CANDIDATE,long,sweep-reclaim,sweep_reclaim_long,session_vah,116.1,3,116.23,Triggered long thesis remains tied to original anchor,SOL|HOLD_MANAGE|long|session_vah|sweep-reclaim|bullish
2026-09-24T16:32:47.516Z,2026-09-24T15:49:23.665Z,SOL,HOLD_MANAGE,long,bullish,6.0,aligned,EARLY_ENTRY_CANDIDATE,long,,none,session_vah,116.1,3,116.94,Triggered long thesis remains tied to original anchor,SOL|HOLD_MANAGE|long|session_vah|none|bullish
2026-09-24T19:49:30.604Z,2026-09-24T19:46:22.439Z,SOL,HOLD_MANAGE,long,neutral,1.5,neutral,NONE,,,none,session_vah,116.1,-2,117.47,Triggered long thesis remains tied to original anchor,SOL|HOLD_MANAGE|long|session_vah|none|neutral
2026-09-24T22:21:00.360Z,2026-09-24T21:45:37.768Z,SOL,HOLD_MANAGE,long,neutral,-1.0,neutral,NONE,,breakout-retest/trend-pullback,retest_hold_long,session_vah,116.1,-2,116.27,Triggered long thesis remains tied to original anchor,SOL|HOLD_MANAGE|long|session_vah|breakout-retest/trend-pullback|neutral
2026-09-24T22:33:30.825Z,2026-09-24T21:45:37.768Z,SOL,HOLD_MANAGE,long,neutral,-1.0,neutral,NONE,,,none,session_vah,116.1,-2,116.49,Triggered long thesis remains tied to original anchor,SOL|HOLD_MANAGE|long|session_vah|none|neutral
2026-09-24T23:46:49.595Z,2026-09-24T23:45:34.855Z,SOL,HOLD_MANAGE,long,bullish,3.5,aligned,NONE,,,none,session_vah,116.1,4,117.04,Triggered long thesis remains tied to original anchor,SOL|HOLD_MANAGE|long|session_vah|none|bullish
2026-09-25T00:54:03.311Z,2026-09-25T00:50:50.174Z,SOL,HOLD_MANAGE,long,neutral,2.5,neutral,NONE,,,none,session_vah,116.1,-2,117.41,Triggered long thesis remains tied to original anchor,SOL|HOLD_MANAGE|long|session_vah|none|neutral
2026-09-25T01:54:54.632Z,2026-09-25T01:46:19.561Z,SOL,HOLD_MANAGE,long,bullish,3.5,aligned,NONE,,,none,session_vah,116.1,4,117.37,Triggered long thesis remains tied to original anchor,SOL|HOLD_MANAGE|long|session_vah|none|bullish
2026-09-25T05:56:17.252Z,2026-09-25T05:48:28.197Z,SOL,HOLD_MANAGE,long,neutral,0.5,neutral,NONE,,,none,session_vah,116.1,0,116.49,Triggered long thesis remains tied to original anchor,SOL|HOLD_MANAGE|long|session_vah|none|neutral
2026-09-25T06:37:35.634Z,2026-09-25T05:48:28.197Z,SOL,ADD_ALLOWED,long,neutral,0.5,neutral,NONE,,breakout-retest/trend-pullback,retest_hold_long,session_vah,116.1,4,116.21,Retest held and fast flow strengthened,SOL|ADD_ALLOWED|long|session_vah|breakout-retest/trend-pullback|neutral
2026-09-25T06:54:07.988Z,2026-09-25T06:53:00.655Z,SOL,ADD_ALLOWED,long,bullish,3.5,aligned,NONE,,breakout-retest/trend-pullback,retest_hold_long,session_vah,116.1,3,116.25,Retest held and fast flow strengthened,SOL|ADD_ALLOWED|long|session_vah|breakout-retest/trend-pullback|bullish
2026-09-25T07:07:56.867Z,2026-09-25T06:53:00.655Z,SOL,HOLD_MANAGE,long,bullish,3.5,aligned,NONE,,,none,session_vah,116.1,2,116.22,Triggered long thesis remains tied to original anchor,SOL|HOLD_MANAGE|long|session_vah|none|bullish
2026-09-25T07:40:34.671Z,2026-09-25T06:53:00.655Z,SOL,HOLD_MANAGE,long,bullish,3.5,aligned,NONE,,breakdown,cross_down,session_vah,116.1,4,116.0,Triggered long thesis remains tied to original anchor,SOL|HOLD_MANAGE|long|session_vah|breakdown|bullish
2026-09-25T07:53:12.373Z,2026-09-25T07:48:41.270Z,SOL,HOLD_MANAGE,long,neutral,2.0,neutral,NONE,,breakout,cross_up,session_vah,116.1,3,116.25,Triggered long thesis remains tied to original anchor,SOL|HOLD_MANAGE|long|session_vah|breakout|neutral
2026-09-25T08:05:19.485Z,2026-09-25T07:48:41.270Z,SOL,HOLD_MANAGE,long,neutral,2.0,neutral,NONE,,,none,session_vah,116.1,3,116.59,Triggered long thesis remains tied to original anchor,SOL|HOLD_MANAGE|long|session_vah|none|neutral
2026-09-25T08:53:54.643Z,2026-09-25T08:49:23.259Z,SOL,HOLD_MANAGE,long,bullish,3.0,aligned,NONE,,,none,session_vah,116.1,4,117.19,Triggered long thesis remains tied to original anchor,SOL|HOLD_MANAGE|long|session_vah|none|bullish
2026-09-26T03:55:43.899Z,2026-09-26T03:47:23.564Z,SOL,HOLD_MANAGE,long,neutral,-1.5,neutral,NONE,,,none,session_vah,116.1,2,120.63,Triggered long thesis remains tied to original anchor,SOL|HOLD_MANAGE|long|session_vah|none|neutral
2026-09-26T11:48:32.202Z,2026-09-26T11:46:12.233Z,SOL,HOLD_MANAGE,long,bullish,5.5,aligned,EARLY_ENTRY_CANDIDATE,long,,none,session_vah,116.1,4,121.34,Triggered long thesis remains tied to original anchor,SOL|HOLD_MANAGE|long|session_vah|none|bullish
2026-09-26T13:53:01.791Z,2026-09-26T13:45:55.976Z,SOL,HOLD_MANAGE,long,neutral,0.5,neutral,NONE,,,none,session_vah,116.1,4,120.71,Triggered long thesis remains tied to original anchor,SOL|HOLD_MANAGE|long|session_vah|none|neutral
2026-09-26T15:52:29.331Z,2026-09-26T15:47:28.049Z,SOL,HOLD_MANAGE,long,bullish,7.0,aligned,TREND_ACTIVE,long,,none,session_vah,116.1,2,121.87,Triggered long thesis remains tied to original anchor,SOL|HOLD_MANAGE|long|session_vah|none|bullish
2026-09-26T18:51:03.953Z,2026-09-26T18:49:17.241Z,SOL,HOLD_MANAGE,long,neutral,1.25,neutral,NONE,,,none,session_vah,116.1,-4,120.89,Triggered long thesis remains tied to original anchor,SOL|HOLD_MANAGE|long|session_vah|none|neutral
2026-09-26T19:50:54.922Z,2026-09-26T19:45:32.321Z,SOL,HOLD_MANAGE,long,bullish,7.0,aligned,TREND_ACTIVE,long,,none,session_vah,116.1,3,121.1,Triggered long thesis remains tied to original anchor,SOL|HOLD_MANAGE|long|session_vah|none|bullish
2026-09-26T20:54:47.364Z,2026-09-26T20:46:57.149Z,SOL,HOLD_MANAGE,long,neutral,-0.5,neutral,NONE,,,none,session_vah,116.1,-2,120.47,Triggered long thesis remains tied to original anchor,SOL|HOLD_MANAGE|long|session_vah|none|neutral
2026-09-26T21:55:19.275Z,2026-09-26T21:45:42.607Z,SOL,HOLD_MANAGE,long,bullish,4.5,aligned,NONE,,,none,session_vah,116.1,0,121.21,Triggered long thesis remains tied to original anchor,SOL|HOLD_MANAGE|long|session_vah|none|bullish
2026-09-27T00:59:13.871Z,2026-09-27T00:52:14.060Z,SOL,HOLD_MANAGE,long,neutral,2.25,neutral,NONE,,,none,session_vah,116.1,-3,120.81,Triggered long thesis remains tied to original anchor,SOL|HOLD_MANAGE|long|session_vah|none|neutral
2026-09-27T01:55:37.311Z,2026-09-27T01:47:04.948Z,SOL,HOLD_MANAGE,long,bullish,3.5,aligned,NONE,,,none,session_vah,116.1,3,121.56,Triggered long thesis remains tied to original anchor,SOL|HOLD_MANAGE|long|session_vah|none|bullish
2026-09-27T03:51:39.892Z,2026-09-27T03:48:34.860Z,SOL,HOLD_MANAGE,long,neutral,0.0,neutral,NONE,,,none,session_vah,116.1,4,120.58,Triggered long thesis remains tied to original anchor,SOL|HOLD_MANAGE|long|session_vah|none|neutral
2026-09-27T05:54:12.076Z,2026-09-27T05:47:00.230Z,SOL,HOLD_MANAGE,long,bullish,6.5,aligned,EARLY_ENTRY_CANDIDATE,long,,none,session_vah,116.1,1,121.17,Triggered long thesis remains tied to original anchor,SOL|HOLD_MANAGE|long|session_vah|none|bullish
2026-09-27T14:56:45.523Z,2026-09-27T14:46:43.978Z,SOL,HOLD_MANAGE,long,neutral,0.5,neutral,NONE,,,none,session_vah,116.1,1,121.69,Triggered long thesis remains tied to original anchor,SOL|HOLD_MANAGE|long|session_vah|none|neutral
2026-09-27T19:52:48.078Z,2026-09-27T19:45:24.921Z,SOL,HOLD_MANAGE,long,bullish,7.0,aligned,TREND_ACTIVE,long,,none,session_vah,116.1,1,123.2,Triggered long thesis remains tied to original anchor,SOL|HOLD_MANAGE|long|session_vah|none|bullish
2026-09-27T21:51:37.121Z,2026-09-27T21:45:59.512Z,SOL,HOLD_MANAGE,long,neutral,0.0,neutral,NONE,,,none,session_vah,116.1,-3,122.88,Triggered long thesis remains tied to original anchor,SOL|HOLD_MANAGE|long|session_vah|none|neutral
2026-09-28T01:58:27.239Z,2026-09-28T01:48:24.640Z,SOL,HOLD_MANAGE,long,bearish,-3.5,countertrend_confirmed,NONE,,,none,session_vah,116.1,-2,120.75,Triggered long thesis remains tied to original anchor,SOL|HOLD_MANAGE|long|session_vah|none|bearish
2026-09-28T07:02:56.865Z,2026-09-28T06:55:50.549Z,SOL,HOLD_MANAGE,long,neutral,-1.0,neutral,NONE,,,none,session_vah,116.1,4,119.08,Triggered long thesis remains tied to original anchor,SOL|HOLD_MANAGE|long|session_vah|none|neutral
2026-09-28T07:55:24.340Z,2026-09-28T07:51:12.249Z,SOL,HOLD_MANAGE,long,bearish,-3.0,countertrend_confirmed,NONE,,,none,session_vah,116.1,2,118.27,Triggered long thesis remains tied to original anchor,SOL|HOLD_MANAGE|long|session_vah|none|bearish
2026-09-28T09:01:40.276Z,2026-09-28T08:51:24.112Z,SOL,HOLD_MANAGE,long,neutral,-2.5,neutral,NONE,,,none,session_vah,116.1,-2,118.34,Triggered long thesis remains tied to original anchor,SOL|HOLD_MANAGE|long|session_vah|none|neutral
2026-09-28T09:56:28.137Z,2026-09-28T09:51:42.822Z,SOL,HOLD_MANAGE,long,bearish,-6.5,countertrend_confirmed,EARLY_ENTRY_CANDIDATE,short,,none,session_vah,116.1,-2,117.6,Triggered long thesis remains tied to original anchor,SOL|HOLD_MANAGE|long|session_vah|none|bearish
2026-09-28T11:00:36.961Z,2026-09-28T10:50:58.163Z,SOL,HOLD_MANAGE,long,neutral,0.0,neutral,NONE,,,none,session_vah,116.1,3,118.56,Triggered long thesis remains tied to original anchor,SOL|HOLD_MANAGE|long|session_vah|none|neutral
2026-09-28T13:04:48.746Z,2026-09-28T12:55:01.591Z,SOL,HOLD_MANAGE,long,bullish,3.5,aligned,NONE,,,none,session_vah,116.1,2,119.67,Triggered long thesis remains tied to original anchor,SOL|HOLD_MANAGE|long|session_vah|none|bullish
2026-09-28T14:55:53.393Z,2026-09-28T14:53:58.928Z,SOL,HOLD_MANAGE,long,bearish,-4.5,countertrend_confirmed,NONE,,,none,session_vah,116.1,-2,117.89,Triggered long thesis remains tied to original anchor,SOL|HOLD_MANAGE|long|session_vah|none|bearish
2026-09-28T16:56:39.843Z,2026-09-28T16:51:54.618Z,SOL,HOLD_MANAGE,long,bullish,3.5,aligned,NONE,,,none,session_vah,116.1,0,119.25,Triggered long thesis remains tied to original anchor,SOL|HOLD_MANAGE|long|session_vah|none|bullish
2026-09-28T19:56:27.585Z,2026-09-28T19:49:52.443Z,SOL,HOLD_MANAGE,long,neutral,-0.5,neutral,NONE,,,none,session_vah,116.1,1,118.38,Triggered long thesis remains tied to original anchor,SOL|HOLD_MANAGE|long|session_vah|none|neutral
2026-09-28T21:56:42.107Z,2026-09-28T21:48:03.029Z,SOL,HOLD_MANAGE,long,bearish,-5.0,countertrend_confirmed,NONE,,,none,session_vah,116.1,-2,117.83,Triggered long thesis remains tied to original anchor,SOL|HOLD_MANAGE|long|session_vah|none|bearish
2026-09-28T23:49:25.286Z,2026-09-28T23:48:07.433Z,SOL,HOLD_MANAGE,long,neutral,1.0,neutral,NONE,,,none,session_vah,116.1,3,118.8,Triggered long thesis remains tied to original anchor,SOL|HOLD_MANAGE|long|session_vah|none|neutral
2026-09-29T01:59:39.378Z,2026-09-29T01:49:30.396Z,SOL,HOLD_MANAGE,long,bearish,-7.5,countertrend_confirmed,TREND_ACTIVE,short,,none,session_vah,116.1,0,117.18,Triggered long thesis remains tied to original anchor,SOL|HOLD_MANAGE|long|session_vah|none|bearish
2026-09-29T04:01:32.397Z,2026-09-29T03:50:52.324Z,SOL,HOLD_MANAGE,long,neutral,-1.0,neutral,NONE,,,none,session_vah,116.1,4,117.63,Triggered long thesis remains tied to original anchor,SOL|HOLD_MANAGE|long|session_vah|none|neutral
2026-09-29T07:02:36.874Z,2026-09-29T06:55:01.194Z,SOL,HOLD_MANAGE,long,bullish,5.5,aligned,EARLY_ENTRY_CANDIDATE,long,,none,session_vah,116.1,3,119.04,Triggered long thesis remains tied to original anchor,SOL|HOLD_MANAGE|long|session_vah|none|bullish
2026-09-29T14:01:30.173Z,2026-09-29T13:52:49.662Z,SOL,HOLD_MANAGE,long,neutral,-0.5,neutral,NONE,,,none,session_vah,116.1,2,121.15,Triggered long thesis remains tied to original anchor,SOL|HOLD_MANAGE|long|session_vah|none|neutral
2026-09-29T18:02:59.532Z,2026-09-29T17:50:28.307Z,SOL,HOLD_MANAGE,long,bearish,-3.5,countertrend_confirmed,NONE,,,none,session_vah,116.1,-2,118.11,Triggered long thesis remains tied to original anchor,SOL|HOLD_MANAGE|long|session_vah|none|bearish
2026-09-29T19:00:26.586Z,2026-09-29T18:53:27.574Z,SOL,HOLD_MANAGE,long,neutral,2.0,neutral,NONE,,,none,session_vah,116.1,-2,119.18,Triggered long thesis remains tied to original anchor,SOL|HOLD_MANAGE|long|session_vah|none|neutral
2026-09-29T20:02:01.523Z,2026-09-29T19:49:48.532Z,SOL,HOLD_MANAGE,long,bearish,-6.0,countertrend_confirmed,EARLY_ENTRY_CANDIDATE,short,,none,session_vah,116.1,2,118.68,Triggered long thesis remains tied to original anchor,SOL|HOLD_MANAGE|long|session_vah|none|bearish
2026-09-29T20:52:32.398Z,2026-09-29T20:50:12.858Z,SOL,HOLD_MANAGE,long,neutral,-2.0,neutral,NONE,,,none,session_vah,116.1,-3,119.13,Triggered long thesis remains tied to original anchor,SOL|HOLD_MANAGE|long|session_vah|none|neutral
2026-09-30T01:10:49.001Z,2026-09-30T00:56:15.373Z,SOL,HOLD_MANAGE,long,bearish,-4.0,countertrend_confirmed,NONE,,,none,session_vah,116.1,1,119.04,Triggered long thesis remains tied to original anchor,SOL|HOLD_MANAGE|long|session_vah|none|bearish
2026-09-30T01:58:44.312Z,2026-09-30T01:50:10.669Z,SOL,HOLD_MANAGE,long,neutral,2.5,neutral,NONE,,,none,session_vah,116.1,4,119.45,Triggered long thesis remains tied to original anchor,SOL|HOLD_MANAGE|long|session_vah|none|neutral
2026-09-30T03:00:28.430Z,2026-09-30T02:50:04.790Z,SOL,HOLD_MANAGE,long,bullish,5.5,aligned,EARLY_ENTRY_CANDIDATE,long,,none,session_vah,116.1,3,119.76,Triggered long thesis remains tied to original anchor,SOL|HOLD_MANAGE|long|session_vah|none|bullish
2026-09-30T04:57:25.651Z,2026-09-30T04:51:22.188Z,SOL,HOLD_MANAGE,long,bearish,-3.5,countertrend_confirmed,NONE,,,none,session_vah,116.1,-2,118.83,Triggered long thesis remains tied to original anchor,SOL|HOLD_MANAGE|long|session_vah|none|bearish
2026-09-30T06:00:14.907Z,2026-09-30T05:50:42.892Z,SOL,HOLD_MANAGE,long,neutral,-1.0,neutral,NONE,,,none,session_vah,116.1,-2,119.0,Triggered long thesis remains tied to original anchor,SOL|HOLD_MANAGE|long|session_vah|none|neutral
