asset,direction,entry_time,entry,hard_stop,risk_pct,adds,status,exit_time,exit,exit_reason,pnl_pct,r_multiple
ZEC,long,2026-09-24T15:15:04.910Z,1503.09,,,0,CLOSED,2026-09-28T19:10:22.894Z,1486.14,INVALIDATED,-1.1276769854100421,
ETH,long,2026-09-24T15:31:41.061Z,2671.41,,,1,OPEN,2026-10-01T11:59:08.642Z,2706.66,MARK_TO_MARKET,1.3195278897660812,
SOL,long,2026-09-24T15:47:01.747Z,116.05,,,2,OPEN,2026-10-01T11:59:09.925Z,117.98,MARK_TO_MARKET,1.6630762602326543,
BTC,short,2026-09-24T20:18:19.513Z,84292.0,,,2,OPEN,2026-10-01T11:59:07.395Z,83924.38,MARK_TO_MARKET,0.4361267973235883,
ZEC,short,2026-09-29T02:31:48.496Z,1377.79,,,1,CLOSED,2026-09-29T07:23:06.096Z,1419.1,INVALIDATED,-2.9982798539690325,
ZEC,short,2026-09-29T20:52:33.709Z,1405.12,,,1,CLOSED,2026-09-30T12:39:35.218Z,1456.87,INVALIDATED,-3.6829594625370055,
ZEC,long,2026-09-30T13:56:22.259Z,1460.89,,,0,CLOSED,2026-09-30T15:14:50.252Z,1429.2,INVALIDATED,-2.1692256090465434,
ZEC,long,2026-09-30T15:54:13.472Z,1444.56,,,0,CLOSED,2026-10-01T02:28:48.292Z,1414.92,INVALIDATED,-2.051835853131745,
ZEC,long,2026-10-01T06:36:46.783Z,1445.64,,,0,CLOSED,2026-10-01T07:37:00.901Z,1414.37,INVALIDATED,-2.163055809191794,
ZEC,long,2026-10-01T08:06:20.185Z,1404.56,,,0,OPEN,2026-10-01T11:59:11.262Z,1400.64,MARK_TO_MARKET,-0.2790909608702985,
